Index,Name,Position,Age,Team,GP,GS,MIN,FG,FGA,FG_PCT,FT,FTA,FT_PCT,OREB,DREB,TOTREB,AST,STL,BLK,TO,PF,PTS
1,Alex Abrines,SG,23,OKC,68,6,15.5,2.0,5.0,.393,0.6,0.7,.898,0.3,1.0,1.3,0.6,0.5,0.1,0.5,1.7,6.0
2,Quincy Acy,PF,26,TOT,38,1,14.7,1.8,4.5,.412,1.2,1.6,.750,0.5,2.5,3.0,0.5,0.4,0.4,0.6,1.8,5.8
3,Steven Adams,C,23,OKC,80,80,29.9,4.7,8.2,.571,2.0,3.2,.611,3.5,4.2,7.7,1.1,1.1,1.0,1.8,2.4,11.3
4,Arron Afflalo,SG,31,SAC,61,45,25.9,3.0,6.9,.440,1.4,1.5,.892,0.1,1.9,2.0,1.3,0.3,0.1,0.7,1.7,8.4
5,Alexis Ajinca,C,28,NOP,39,15,15.0,2.3,4.6,.500,0.7,1.0,.725,1.2,3.4,4.5,0.3,0.5,0.6,0.8,2.0,5.3
6,Cole Aldrich,C,28,MIN,62,0,8.6,0.7,1.4,.523,0.2,0.4,.682,0.8,1.7,2.5,0.4,0.4,0.4,0.3,1.4,1.7
7,LaMarcus Aldridge,PF,31,SAS,72,72,32.4,6.9,14.6,.477,3.1,3.8,.812,2.4,4.9,7.3,1.9,0.6,1.2,1.4,2.2,17.3
8,Lavoy Allen,PF,27,IND,61,5,14.3,1.3,2.8,.458,0.4,0.5,.697,1.7,1.9,3.6,0.9,0.3,0.4,0.5,1.3,2.9
9,Tony Allen,SG,35,MEM,71,66,27.0,3.9,8.4,.461,1.1,1.8,.615,2.3,3.2,5.5,1.4,1.6,0.4,1.4,2.5,9.1
10,Al-Farouq Aminu,SF,26,POR,61,25,29.1,3.0,7.6,.393,1.6,2.2,.706,1.3,6.1,7.4,1.6,1.0,0.7,1.5,1.7,8.7
11,Chris Andersen,C,38,CLE,12,0,9.5,0.8,1.8,.409,0.8,1.2,.714,0.8,1.8,2.6,0.4,0.4,0.6,0.4,1.7,2.3
12,Alan Anderson,SF,34,LAC,30,0,10.3,1.0,2.7,.375,0.4,0.5,.750,0.1,0.7,0.8,0.4,0.1,0.0,0.2,1.2,2.9
13,Justin Anderson,SF,23,TOT,75,10,16.4,2.5,5.9,.424,1.4,1.7,.791,0.9,2.3,3.3,0.9,0.5,0.3,0.9,1.5,7.1
14,Kyle Anderson,SG,23,SAS,72,14,14.2,1.3,2.9,.445,0.6,0.8,.789,0.5,2.4,2.9,1.3,0.7,0.4,0.5,0.9,3.4
15,Ryan Anderson,PF,28,HOU,72,72,29.4,4.5,10.7,.418,1.8,2.1,.860,1.6,3.0,4.6,0.9,0.4,0.2,0.8,2.0,13.6
16,Giannis Antetokounmpo,SF,22,MIL,80,80,35.6,8.2,15.7,.521,5.9,7.7,.770,1.8,7.0,8.8,5.4,1.6,1.9,2.9,3.1,22.9
17,Carmelo Anthony,SF,32,NYK,74,74,34.3,8.1,18.8,.433,4.1,4.9,.833,0.8,5.1,5.9,2.9,0.8,0.5,2.1,2.7,22.4
18,Joel Anthony,C,34,SAS,19,0,6.4,0.5,0.8,.625,0.3,0.4,.625,0.4,1.2,1.6,0.2,0.1,0.3,0.2,0.6,1.3
19,Trevor Ariza,SF,31,HOU,80,80,34.7,4.1,10.0,.409,1.2,1.6,.738,0.7,5.1,5.7,2.2,1.8,0.3,0.9,1.7,11.7
20,Darrell Arthur,PF,28,DEN,41,7,15.6,2.3,5.2,.442,0.5,0.5,.864,0.6,2.1,2.7,1.0,0.5,0.5,0.9,1.9,6.4
21,Omer Asik,C,30,NOP,31,19,15.5,1.0,2.1,.477,0.7,1.3,.590,1.5,3.7,5.3,0.5,0.2,0.3,0.5,1.6,2.7
22,D.J. Augustin,PG,29,ORL,78,20,19.7,2.5,6.6,.377,1.7,2.1,.814,0.2,1.3,1.5,2.7,0.4,0.0,1.2,1.3,7.9
23,Luke Babbitt,SF,27,MIA,68,55,15.7,1.7,4.1,.402,0.2,0.2,.733,0.2,1.9,2.1,0.5,0.3,0.2,0.4,1.7,4.8
24,Ron Baker,SG,23,NYK,52,13,16.5,1.6,4.2,.378,0.5,0.8,.651,0.2,1.7,1.9,2.1,0.7,0.2,1.1,1.4,4.1
25,Wade Baldwin,PG,20,MEM,33,1,12.3,1.1,3.5,.313,0.9,1.1,.838,0.3,1.1,1.4,1.8,0.5,0.2,1.2,1.2,3.2
26,Leandro Barbosa,SG,34,PHX,67,0,14.4,2.6,5.9,.439,0.6,0.7,.889,0.2,1.3,1.6,1.2,0.5,0.1,0.7,1.2,6.3
27,J.J. Barea,PG,32,DAL,35,6,22.0,4.1,9.8,.414,1.3,1.5,.863,0.3,2.1,2.4,5.5,0.4,0.0,1.8,0.9,10.9
28,Harrison Barnes,PF,24,DAL,79,79,35.5,7.6,16.2,.468,3.1,3.6,.861,1.2,3.8,5.0,1.5,0.8,0.2,1.3,1.6,19.2
29,Matt Barnes,SF,36,TOT,74,18,24.0,2.5,6.4,.391,0.9,1.2,.787,0.9,4.2,5.2,2.6,0.6,0.4,1.4,2.5,7.1
30,Will Barton,SG,26,DEN,60,19,28.4,4.9,11.1,.443,2.4,3.2,.753,1.0,3.4,4.3,3.4,0.8,0.5,1.6,1.8,13.7
31,Brandon Bass,PF,31,LAC,52,0,11.1,2.1,3.6,.575,1.5,1.7,.875,0.8,1.7,2.5,0.4,0.3,0.2,0.6,0.9,5.6
32,Nicolas Batum,SG,28,CHA,77,77,34.0,5.1,12.7,.403,3.2,3.7,.856,0.6,5.6,6.2,5.9,1.1,0.4,2.5,1.4,15.1
33,Jerryd Bayless,PG,28,PHI,3,1,23.7,3.7,10.7,.344,3.0,3.3,.900,1.0,3.0,4.0,4.3,0.0,0.0,3.0,1.3,11.0
34,Aron Baynes,C,30,DET,75,2,15.5,1.9,3.7,.513,1.1,1.3,.840,1.5,3.0,4.4,0.4,0.2,0.5,0.7,2.2,4.9
35,Kent Bazemore,SF,27,ATL,73,64,26.9,4.0,9.9,.409,1.6,2.3,.708,0.6,2.5,3.2,2.4,1.2,0.7,1.7,2.3,11.0
36,Bradley Beal,SG,23,WAS,77,77,34.9,8.3,17.2,.482,3.7,4.4,.825,0.7,2.4,3.1,3.5,1.1,0.3,2.0,2.2,23.1
37,Malik Beasley,SG,20,DEN,22,1,7.5,1.5,3.3,.452,0.4,0.5,.800,0.2,0.5,0.8,0.5,0.3,0.0,0.4,0.5,3.8
38,Michael Beasley,PF,28,MIL,56,6,16.7,3.9,7.3,.532,1.4,1.9,.743,0.7,2.7,3.4,0.9,0.5,0.5,1.2,1.6,9.4
39,Marco Belinelli,SG,30,CHA,74,0,24.0,3.6,8.3,.429,2.0,2.3,.893,0.2,2.2,2.4,2.0,0.6,0.1,0.9,1.2,10.5
40,DeAndre' Bembry,SF,22,ATL,38,1,9.8,1.2,2.6,.480,0.2,0.4,.375,0.4,1.2,1.6,0.7,0.2,0.1,0.4,0.6,2.7
41,Dragan Bender,PF,19,PHX,43,0,13.3,1.3,3.7,.354,0.1,0.3,.364,0.5,1.9,2.4,0.5,0.2,0.5,0.7,1.7,3.4
42,Anthony Bennett,PF,23,BKN,23,1,11.5,1.7,4.0,.413,1.1,1.6,.722,1.1,2.3,3.4,0.5,0.2,0.1,0.5,0.8,5.0
43,Ben Bentil,PF,21,DAL,3,0,3.3,0.0,1.0,.000,0.0,0.0,,0.0,0.7,0.7,0.0,0.0,0.0,0.3,0.3,0.0
44,Davis Bertans,PF,24,SAS,67,6,12.1,1.5,3.5,.440,0.4,0.5,.824,0.3,1.1,1.5,0.7,0.3,0.4,0.5,1.1,4.5
45,Patrick Beverley,SG,28,HOU,67,67,30.7,3.4,8.1,.420,1.1,1.4,.768,1.4,4.4,5.9,4.2,1.5,0.4,1.5,3.3,9.5
46,Bismack Biyombo,C,24,ORL,81,27,22.1,2.2,4.2,.528,1.5,2.9,.534,1.9,5.1,7.0,0.9,0.3,1.1,1.2,2.5,6.0
47,Nemanja Bjelica,PF,28,MIN,65,1,18.3,2.3,5.5,.424,0.7,0.9,.738,0.9,2.9,3.8,1.2,0.6,0.3,0.9,2.4,6.2
48,Tarik Black,C,25,LAL,67,16,16.3,2.2,4.4,.510,1.2,1.6,.752,2.1,3.0,5.1,0.6,0.4,0.7,0.9,2.6,5.7
49,Eric Bledsoe,PG,27,PHX,66,66,33.0,6.8,15.7,.434,5.9,6.9,.847,0.8,4.1,4.8,6.3,1.4,0.5,3.4,2.5,21.1
50,Bojan Bogdanovic,SF,27,TOT,81,54,25.7,4.6,10.4,.445,2.7,3.0,.893,0.5,3.0,3.4,1.4,0.4,0.1,1.6,1.8,13.7
51,Andrew Bogut,C,32,TOT,27,21,21.6,1.4,3.0,.469,0.1,0.4,.273,2.1,6.0,8.1,1.8,0.5,0.9,1.6,3.2,2.9
52,Joel Bolomboy,PF,23,UTA,12,0,4.4,0.8,1.3,.563,0.3,0.5,.500,0.3,1.1,1.4,0.2,0.1,0.2,0.2,0.1,1.8
53,Devin Booker,SG,20,PHX,78,78,35.0,7.8,18.3,.423,4.7,5.7,.832,0.6,2.6,3.2,3.4,0.9,0.3,3.1,3.1,22.1
54,Trevor Booker,PF,29,BKN,71,43,24.7,4.3,8.3,.516,1.0,1.5,.673,2.0,6.0,8.0,1.9,1.1,0.4,1.8,2.1,10.0
55,Avery Bradley,SG,26,BOS,55,55,33.4,6.5,14.1,.463,1.2,1.7,.731,1.2,4.9,6.1,2.2,1.2,0.2,1.6,2.6,16.3
56,Corey Brewer,SF,30,TOT,82,11,15.6,1.8,4.2,.422,0.6,0.8,.735,0.4,1.6,2.0,1.2,0.7,0.2,0.7,1.6,4.5
57,Malcolm Brogdon,SG,24,MIL,75,28,26.4,3.9,8.5,.457,1.5,1.7,.865,0.6,2.2,2.8,4.2,1.1,0.2,1.5,1.9,10.2
58,Aaron Brooks,PG,32,IND,65,0,13.8,1.9,4.6,.403,0.5,0.6,.800,0.3,0.8,1.1,1.9,0.4,0.1,1.0,1.4,5.0
59,Anthony Brown,SF,24,TOT,11,0,14.5,1.6,4.5,.360,0.0,0.0,,0.7,2.3,3.0,0.7,0.5,0.1,0.5,1.4,3.9
60,Bobby Brown,PG,32,HOU,25,0,4.9,0.9,2.4,.383,0.1,0.1,1.000,0.0,0.2,0.2,0.6,0.0,0.0,0.2,0.2,2.5
61,Jaylen Brown,SF,20,BOS,78,20,17.2,2.5,5.4,.454,1.1,1.6,.685,0.6,2.2,2.8,0.8,0.4,0.2,0.9,1.8,6.6
62,Nicolas Brussino,SF,23,DAL,54,2,9.6,1.0,2.6,.369,0.3,0.4,.773,0.5,1.3,1.8,0.9,0.3,0.1,0.5,0.8,2.8
63,Reggie Bullock,SF,25,DET,31,5,15.1,1.7,4.1,.422,0.2,0.2,.714,0.4,1.6,2.1,0.9,0.6,0.1,0.3,0.7,4.5
64,Trey Burke,PG,24,WAS,57,0,12.3,2.0,4.5,.455,0.4,0.5,.759,0.1,0.7,0.8,1.8,0.2,0.1,0.8,0.9,5.0
65,Alec Burks,SG,25,UTA,42,0,15.5,2.4,5.9,.399,1.4,1.9,.769,0.4,2.5,2.9,0.7,0.4,0.1,0.8,1.2,6.7
66,Jimmy Butler,SF,27,CHI,76,75,37.0,7.5,16.5,.455,7.7,8.9,.865,1.7,4.5,6.2,5.5,1.9,0.4,2.1,1.5,23.9
67,Bruno Caboclo,SF,21,TOR,9,0,4.4,0.7,1.8,.375,0.0,0.0,,0.6,0.6,1.1,0.4,0.2,0.1,0.2,0.4,1.6
68,Jose Calderon,PG,35,TOT,41,13,13.1,1.3,3.3,.410,0.3,0.3,.917,0.4,1.4,1.8,2.1,0.3,0.0,1.0,0.9,3.4
69,Kentavious Caldwell-Pope,SG,23,DET,76,75,33.3,4.9,12.2,.399,2.0,2.4,.832,0.7,2.5,3.3,2.5,1.2,0.2,1.1,1.6,13.8
70,Isaiah Canaan,SG,25,CHI,39,0,15.2,1.6,4.4,.364,0.8,0.8,.909,0.2,1.1,1.3,0.9,0.6,0.0,0.5,0.9,4.6
71,Clint Capela,C,22,HOU,65,59,23.9,5.6,8.7,.643,1.4,2.7,.531,2.7,5.4,8.1,1.0,0.5,1.2,1.3,2.8,12.6
72,DeMarre Carroll,SF,30,TOR,72,72,26.1,3.1,7.6,.400,1.2,1.6,.761,0.9,2.9,3.8,1.0,1.1,0.4,0.8,2.0,8.9
73,Vince Carter,SF,40,MEM,73,15,24.6,2.6,6.7,.394,1.2,1.6,.765,0.5,2.6,3.1,1.8,0.8,0.5,0.7,2.2,8.0
74,Michael Carter-Williams,PG,25,CHI,45,19,18.8,2.5,6.8,.366,1.3,1.7,.753,0.5,2.9,3.4,2.5,0.8,0.5,1.5,2.3,6.6
75,Omri Casspi,SF,28,TOT,36,2,17.9,2.1,4.6,.470,0.5,0.8,.586,0.8,2.4,3.1,1.0,0.6,0.1,0.8,1.4,5.2
76,Willie Cauley-Stein,C,23,SAC,75,21,18.9,3.4,6.4,.530,1.3,2.0,.669,1.1,3.4,4.5,1.1,0.7,0.6,0.9,2.0,8.1
77,Tyson Chandler,C,34,PHX,47,46,27.6,3.3,4.9,.671,1.9,2.6,.734,3.3,8.2,11.5,0.6,0.7,0.5,1.4,2.7,8.4
78,Wilson Chandler,SF,29,DEN,71,33,30.9,6.1,13.2,.461,2.0,2.7,.727,1.5,5.0,6.5,2.0,0.7,0.4,1.6,2.4,15.7
79,Marquese Chriss,PF,19,PHX,82,75,21.3,3.5,7.7,.449,1.4,2.2,.624,1.2,3.1,4.2,0.7,0.8,0.9,1.3,3.2,9.2
80,Rakeem Christmas,PF,25,IND,29,0,7.6,0.7,1.5,.442,0.7,1.0,.724,0.9,1.0,1.9,0.1,0.1,0.2,0.3,1.3,2.0
81,Semaj Christon,PG,24,OKC,64,1,15.2,1.2,3.5,.345,0.3,0.5,.548,0.3,1.1,1.4,2.0,0.4,0.1,0.7,1.2,2.9
82,Ian Clark,SG,25,GSW,77,0,14.8,2.7,5.6,.487,0.6,0.8,.759,0.3,1.3,1.6,1.2,0.5,0.1,0.7,1.0,6.8
83,Jordan Clarkson,SG,24,LAL,82,19,29.2,5.8,13.1,.445,1.6,2.0,.798,0.6,2.4,3.0,2.6,1.1,0.1,2.0,1.8,14.7
84,Norris Cole,PG,28,OKC,13,0,9.6,1.2,4.0,.308,0.6,0.8,.800,0.0,0.8,0.8,1.1,0.6,0.0,0.5,1.4,3.3
85,Darren Collison,PG,29,SAC,68,64,30.3,5.0,10.5,.476,2.2,2.5,.860,0.3,1.9,2.2,4.6,1.0,0.1,1.7,1.8,13.2
86,Nick Collison,PF,36,OKC,20,0,6.4,0.7,1.2,.609,0.3,0.4,.625,0.5,1.1,1.6,0.6,0.1,0.1,0.2,0.9,1.7
87,Mike Conley,PG,29,MEM,69,68,33.2,6.7,14.6,.460,4.6,5.3,.859,0.4,3.0,3.5,6.3,1.3,0.3,2.3,1.8,20.5
88,Pat Connaughton,SG,24,POR,39,1,8.1,0.9,1.8,.514,0.2,0.2,.778,0.3,1.1,1.3,0.7,0.2,0.1,0.4,0.6,2.5
89,Quinn Cook,PG,23,TOT,14,0,13.4,2.4,4.7,.500,0.1,0.4,.400,0.1,0.4,0.5,1.9,0.3,0.0,0.9,0.9,5.6
90,DeMarcus Cousins,C,26,TOT,72,72,34.2,9.0,19.9,.452,7.2,9.3,.772,2.1,8.9,11.0,4.6,1.4,1.3,3.7,3.9,27.0
91,Robert Covington,SF,26,PHI,67,67,31.6,4.4,10.9,.399,2.1,2.6,.822,1.4,5.1,6.5,1.5,1.9,1.0,2.0,3.0,12.9
92,Allen Crabbe,SG,24,POR,79,7,28.5,3.8,8.2,.468,1.3,1.6,.847,0.2,2.6,2.9,1.2,0.7,0.3,0.8,2.2,10.7
93,Jamal Crawford,SG,36,LAC,82,1,26.3,4.4,10.6,.413,2.1,2.5,.857,0.2,1.4,1.6,2.6,0.7,0.2,1.6,1.4,12.3
94,Jordan Crawford,SG,28,NOP,19,0,23.3,5.5,11.5,.482,1.1,1.4,.769,0.2,1.6,1.8,3.0,0.6,0.1,1.3,1.6,14.1
95,Jae Crowder,SF,26,BOS,72,72,32.4,4.6,10.0,.463,2.4,3.0,.811,0.7,5.1,5.8,2.2,1.0,0.3,1.1,2.2,13.9
96,Dante Cunningham,SF,29,NOP,66,35,25.0,2.6,5.4,.485,0.2,0.4,.593,0.8,3.3,4.2,0.6,0.6,0.4,0.4,1.5,6.6
97,Seth Curry,PG,26,DAL,70,42,29.0,4.8,10.0,.481,1.2,1.4,.850,0.4,2.2,2.6,2.7,1.1,0.1,1.3,1.8,12.8
98,Stephen Curry,PG,28,GSW,79,79,33.4,8.5,18.3,.468,4.1,4.6,.898,0.8,3.7,4.5,6.6,1.8,0.2,3.0,2.3,25.3
99,Troy Daniels,SG,25,MEM,67,3,17.7,2.8,7.4,.374,0.6,0.8,.796,0.3,1.2,1.5,0.7,0.3,0.1,0.7,1.3,8.2
100,Anthony Davis,C,23,NOP,75,75,36.1,10.3,20.3,.505,6.9,8.6,.802,2.3,9.5,11.8,2.1,1.3,2.2,2.4,2.2,28.0
101,Deyonta Davis,C,20,MEM,36,0,6.6,0.7,1.3,.511,0.3,0.5,.556,0.6,1.1,1.7,0.1,0.1,0.5,0.2,1.1,1.6
102,Ed Davis,PF,27,POR,46,12,17.2,1.6,3.1,.528,1.1,1.8,.617,2.1,3.2,5.3,0.6,0.3,0.5,0.8,3.0,4.3
103,Dewayne Dedmon,C,27,SAS,76,37,17.5,2.1,3.4,.622,0.9,1.2,.699,1.7,4.8,6.5,0.6,0.5,0.8,0.8,2.4,5.1
104,Sam Dekker,SF,22,HOU,77,2,18.4,2.6,5.6,.473,0.5,0.9,.559,1.2,2.5,3.7,1.0,0.5,0.3,0.5,1.1,6.5
105,Malcolm Delaney,PG,27,ATL,73,2,17.1,2.0,5.3,.374,1.0,1.3,.806,0.1,1.5,1.7,2.6,0.5,0.0,1.3,1.5,5.4
106,Matthew Dellavedova,PG,26,MIL,76,54,26.1,2.7,7.0,.390,1.1,1.3,.854,0.3,1.6,1.9,4.7,0.7,0.0,1.8,2.0,7.6
107,Luol Deng,SF,31,LAL,56,49,26.5,2.9,7.6,.387,0.8,1.1,.730,1.1,4.1,5.3,1.3,0.9,0.4,0.8,1.1,7.6
108,DeMar DeRozan,SG,27,TOR,74,74,35.4,9.7,20.9,.467,7.4,8.7,.842,0.9,4.3,5.2,3.9,1.1,0.2,2.4,1.8,27.3
109,Cheick Diallo,PF,20,NOP,17,0,11.7,2.1,4.5,.474,0.9,1.2,.714,1.4,2.9,4.3,0.2,0.2,0.4,0.4,1.0,5.1
110,Boris Diaw,PF,34,UTA,73,33,17.6,2.0,4.5,.446,0.4,0.5,.743,0.6,1.5,2.2,2.3,0.2,0.1,1.2,1.1,4.6
111,Gorgui Dieng,PF,27,MIN,82,82,32.4,4.0,8.1,.502,1.7,2.0,.814,2.3,5.6,7.9,1.9,1.1,1.2,1.3,3.1,10.0
112,Spencer Dinwiddie,PG,23,BKN,59,18,22.6,2.3,5.1,.444,2.1,2.7,.792,0.5,2.3,2.8,3.1,0.7,0.4,1.1,2.0,7.3
113,Toney Douglas,PG,30,MEM,24,0,16.4,1.8,4.9,.368,1.0,1.2,.828,0.5,2.0,2.5,2.3,0.8,0.2,0.9,2.1,4.9
114,Goran Dragic,PG,30,MIA,73,73,33.7,7.3,15.4,.475,4.1,5.2,.790,0.8,3.0,3.8,5.8,1.2,0.2,2.9,2.7,20.3
115,Andre Drummond,C,23,DET,81,81,29.7,6.0,11.2,.530,1.7,4.4,.386,4.3,9.5,13.8,1.1,1.5,1.1,1.9,2.9,13.6
116,Jared Dudley,PF,31,PHX,64,7,21.3,2.5,5.4,.454,0.7,1.0,.662,0.5,3.0,3.5,1.9,0.7,0.3,1.1,2.4,6.8
117,Mike Dunleavy,SF,36,TOT,53,2,15.9,1.8,4.2,.423,0.7,0.8,.800,0.3,1.8,2.2,0.9,0.3,0.1,0.5,1.3,5.2
118,Kris Dunn,PG,22,MIN,78,7,17.1,1.5,4.0,.377,0.5,0.8,.610,0.3,1.8,2.1,2.4,1.0,0.5,1.1,2.3,3.8
119,Kevin Durant,SF,28,GSW,62,62,33.4,8.9,16.5,.537,5.4,6.2,.875,0.6,7.6,8.3,4.8,1.1,1.6,2.2,1.9,25.1
120,Jarell Eddie,SF,25,PHX,5,0,12.4,1.2,3.8,.316,1.6,1.8,.889,0.2,1.2,1.4,0.0,0.2,0.0,0.2,0.2,4.8
121,Henry Ellenson,PF,20,DET,19,2,7.7,1.2,3.4,.359,0.2,0.4,.500,0.4,1.7,2.2,0.4,0.1,0.1,0.7,0.3,3.2
122,Wayne Ellington,SG,29,MIA,62,13,24.2,3.7,9.0,.416,0.6,0.7,.860,0.3,1.8,2.1,1.1,0.6,0.1,0.5,1.1,10.5
123,Monta Ellis,SG,31,IND,74,33,27.0,3.3,7.5,.443,1.3,1.7,.727,0.3,2.5,2.8,3.2,1.1,0.4,1.8,2.0,8.5
124,Joel Embiid,C,22,PHI,31,31,25.4,6.5,13.8,.466,6.2,7.9,.783,2.0,5.9,7.8,2.1,0.9,2.5,3.8,3.6,20.2
125,James Ennis,SF,26,MEM,64,28,23.5,2.3,5.0,.455,1.3,1.7,.782,1.1,3.0,4.0,1.0,0.7,0.3,0.9,2.6,6.7
126,Tyler Ennis,PG,22,TOT,53,2,11.1,1.7,3.9,.433,0.4,0.5,.840,0.2,0.7,0.8,1.6,0.5,0.0,0.8,1.1,4.3
127,Tyreke Evans,SF,27,TOT,40,6,19.7,3.8,9.3,.405,1.7,2.3,.750,0.3,3.1,3.4,3.1,0.9,0.2,1.5,1.5,10.3
128,Dante Exum,PG,21,UTA,66,26,18.6,2.3,5.5,.427,0.9,1.1,.795,0.5,1.5,2.0,1.7,0.3,0.2,1.2,2.2,6.2
129,Kenneth Faried,PF,27,DEN,61,34,21.2,3.7,6.8,.548,2.1,3.1,.693,3.0,4.6,7.6,0.9,0.7,0.7,1.0,2.0,9.6
130,Jordan Farmar,PG,30,SAC,2,0,17.5,2.0,6.0,.333,0.0,0.0,,0.5,1.0,1.5,4.5,1.0,0.0,1.5,0.5,6.0
131,Derrick Favors,PF,25,UTA,50,39,23.7,4.1,8.3,.487,1.3,2.2,.615,1.8,4.3,6.1,1.1,0.9,0.8,1.2,2.1,9.5
132,Kay Felder,PG,21,CLE,42,0,9.2,1.5,3.8,.392,0.8,1.2,.714,0.1,0.9,1.0,1.4,0.4,0.2,0.7,0.9,4.0
133,Cristiano Felicio,C,24,CHI,66,0,15.8,1.9,3.3,.579,0.9,1.4,.645,1.9,2.8,4.7,0.6,0.4,0.3,0.5,1.7,4.8
134,Raymond Felton,PG,32,LAC,80,11,21.3,2.8,6.4,.430,0.6,0.8,.781,0.4,2.3,2.7,2.4,0.8,0.3,1.0,1.6,6.7
135,Yogi Ferrell,PG,23,TOT,46,29,26.0,3.5,8.6,.406,1.6,1.9,.831,0.4,2.0,2.4,3.7,0.9,0.2,1.5,2.0,10.0
136,Dorian Finney-Smith,PF,23,DAL,81,35,20.3,1.5,4.1,.372,0.6,0.8,.754,0.7,2.1,2.7,0.8,0.6,0.3,0.6,1.5,4.3
137,Bryn Forbes,SG,23,SAS,36,0,7.9,1.0,2.8,.364,0.1,0.2,.833,0.1,0.6,0.6,0.6,0.0,0.0,0.3,0.6,2.6
138,Evan Fournier,SG,24,ORL,68,66,32.9,6.0,13.7,.439,3.3,4.1,.805,0.6,2.4,3.1,3.0,1.0,0.1,2.1,2.6,17.2
139,Randy Foye,SG,33,BKN,69,40,18.6,1.7,4.7,.363,0.8,0.9,.857,0.1,2.1,2.2,2.0,0.5,0.1,1.2,1.4,5.2
140,Tim Frazier,PG,26,NOP,65,35,23.5,2.5,6.2,.403,1.5,2.0,.760,0.5,2.1,2.7,5.2,0.9,0.1,1.6,2.0,7.1
141,Channing Frye,C,33,CLE,74,15,18.9,3.2,7.0,.458,0.9,1.0,.851,0.5,3.4,3.9,0.6,0.4,0.5,0.7,1.9,9.1
142,Danilo Gallinari,SF,28,DEN,63,63,33.9,5.3,11.9,.447,5.5,6.1,.902,0.6,4.5,5.2,2.1,0.6,0.2,1.3,1.5,18.2
143,Langston Galloway,PG,25,TOT,74,2,20.2,2.8,7.4,.380,0.7,0.9,.797,0.4,1.7,2.1,1.3,0.6,0.1,0.6,1.3,7.9
144,Patricio Garino,SG,23,ORL,5,0,8.6,0.0,1.4,.000,0.0,0.0,,0.2,1.2,1.4,0.0,0.0,0.0,0.6,0.8,0.0
145,Marc Gasol,C,32,MEM,74,74,34.2,7.2,15.7,.459,3.8,4.5,.837,0.8,5.5,6.3,4.6,0.9,1.3,2.2,2.3,19.5
146,Pau Gasol,C,36,SAS,64,39,25.4,4.7,9.4,.502,2.0,2.9,.707,1.7,6.2,7.8,2.3,0.4,1.1,1.3,1.7,12.4
147,Rudy Gay,SF,30,SAC,30,30,33.8,6.7,14.7,.455,3.9,4.6,.855,1.2,5.2,6.3,2.8,1.5,0.9,2.5,2.6,18.7
148,Michael Gbinije,SG,24,DET,9,0,3.6,0.1,1.1,.100,0.2,0.2,1.000,0.2,0.1,0.3,0.2,0.0,0.0,0.0,0.2,0.4
149,Alonzo Gee,SF,29,DEN,13,0,6.8,0.2,1.1,.214,0.4,0.7,.556,0.3,0.8,1.2,0.5,0.4,0.1,0.3,1.1,0.8
150,Paul George,SF,26,IND,75,75,35.9,8.3,18.0,.461,4.5,5.0,.898,0.8,5.8,6.6,3.3,1.6,0.4,2.9,2.7,23.7
151,Marcus Georges-Hunt,SG,22,ORL,5,0,9.6,0.4,1.4,.286,1.8,2.0,.900,0.2,1.6,1.8,0.6,0.2,0.0,0.4,1.0,2.8
152,Jonathan Gibson,PG,29,DAL,17,0,13.6,2.1,5.6,.368,1.2,1.7,.724,0.1,1.2,1.3,1.5,0.5,0.0,1.2,1.2,6.2
153,Taj Gibson,PF,31,TOT,78,71,25.5,4.7,9.1,.515,1.4,2.0,.715,2.0,4.2,6.2,0.9,0.5,0.8,1.3,2.1,10.8
154,Manu Ginobili,SG,39,SAS,69,0,18.7,2.5,6.4,.390,1.2,1.6,.804,0.4,1.9,2.3,2.7,1.2,0.2,1.4,1.7,7.5
155,Rudy Gobert,C,24,UTA,81,81,33.9,5.1,7.7,.661,3.8,5.9,.653,3.9,8.9,12.8,1.2,0.6,2.6,1.8,3.0,14.0
156,Archie Goodwin,SG,22,TOT,15,0,14.3,2.4,4.4,.545,2.2,2.8,.786,0.5,1.4,1.9,1.6,0.3,0.3,0.9,0.5,7.3
157,Aaron Gordon,SF,21,ORL,80,72,28.7,4.9,10.8,.454,2.0,2.7,.719,1.5,3.6,5.1,1.9,0.8,0.5,1.1,2.2,12.7
158,Eric Gordon,SG,28,HOU,75,15,31.0,5.5,13.5,.406,2.0,2.3,.840,0.4,2.3,2.7,2.5,0.6,0.5,1.6,2.0,16.2
159,Marcin Gortat,C,32,WAS,82,82,31.2,4.8,8.2,.579,1.3,1.9,.648,2.9,7.5,10.4,1.5,0.5,0.7,1.5,2.6,10.8
160,Treveon Graham,SG,23,CHA,27,1,7.0,0.7,1.5,.475,0.4,0.6,.667,0.2,0.6,0.8,0.2,0.2,0.0,0.1,0.7,2.1
161,Jerami Grant,SF,22,TOT,80,4,19.1,1.9,4.1,.463,1.1,1.8,.612,0.5,2.1,2.6,0.6,0.4,1.0,0.6,1.9,5.5
162,Jerian Grant,PG,24,CHI,63,28,16.3,2.0,4.8,.425,1.0,1.2,.890,0.3,1.5,1.8,1.9,0.7,0.1,0.7,1.5,5.9
163,Danny Green,SG,29,SAS,68,68,26.6,2.6,6.6,.392,0.4,0.5,.844,0.5,2.8,3.3,1.8,1.0,0.8,1.1,1.8,7.3
164,Draymond Green,PF,26,GSW,76,76,32.5,3.6,8.6,.418,2.0,2.8,.709,1.3,6.6,7.9,7.0,2.0,1.4,2.4,2.9,10.2
165,Gerald Green,SF,31,BOS,47,0,11.4,2.0,4.9,.409,0.7,0.9,.805,0.3,1.4,1.8,0.7,0.2,0.1,0.5,1.0,5.6
166,JaMychal Green,PF,26,MEM,77,75,27.3,3.2,6.5,.500,1.7,2.2,.802,2.2,4.9,7.1,1.1,0.6,0.4,1.2,3.2,8.9
167,Jeff Green,PF,30,ORL,69,11,22.2,3.2,8.1,.394,2.1,2.4,.863,0.6,2.5,3.1,1.2,0.5,0.2,1.1,1.5,9.2
168,Blake Griffin,PF,27,LAC,61,61,34.0,7.9,15.9,.493,5.2,6.9,.760,1.8,6.3,8.1,4.9,0.9,0.4,2.3,2.6,21.6
169,Justin Hamilton,C,26,BKN,64,7,18.4,2.7,5.9,.459,0.6,0.8,.750,1.1,3.0,4.1,0.9,0.5,0.7,0.7,1.4,6.9
170,AJ Hammons,C,24,DAL,22,0,7.4,0.8,1.9,.405,0.4,0.9,.450,0.4,1.3,1.6,0.2,0.0,0.6,0.5,1.0,2.2
171,Tim Hardaway,SG,24,ATL,79,30,27.3,5.3,11.5,.455,2.1,2.7,.766,0.4,2.4,2.8,2.3,0.7,0.2,1.3,1.3,14.5
172,James Harden,PG,27,HOU,81,81,36.4,8.3,18.9,.440,9.2,10.9,.847,1.2,7.0,8.1,11.2,1.5,0.5,5.7,2.7,29.1
173,Maurice Harkless,SF,23,POR,77,69,28.9,4.1,8.1,.503,1.0,1.6,.621,1.6,2.8,4.4,1.1,1.1,0.9,1.1,2.8,10.0
174,Justin Harper,PF,27,PHI,3,0,10.3,1.7,4.0,.417,0.0,0.0,,0.7,1.0,1.7,0.7,0.0,0.0,1.3,0.7,4.0
175,Montrezl Harrell,C,23,HOU,58,14,18.3,3.9,5.9,.652,1.3,2.1,.628,1.4,2.4,3.8,1.1,0.3,0.7,0.8,2.2,9.1
176,Devin Harris,PG,33,DAL,65,0,16.7,2.1,5.2,.399,1.6,2.0,.829,0.2,1.8,2.0,2.1,0.7,0.1,0.9,1.6,6.7
177,Gary Harris,SG,22,DEN,57,56,31.3,5.6,11.2,.502,1.8,2.4,.776,0.8,2.3,3.1,2.9,1.2,0.1,1.3,1.6,14.9
178,Joe Harris,SG,25,BKN,52,11,21.9,3.0,7.0,.425,0.7,0.9,.714,0.3,2.5,2.8,1.0,0.6,0.2,1.1,2.3,8.2
179,Manny Harris,SG,27,DAL,4,0,6.3,0.8,3.8,.200,0.5,1.0,.500,0.8,1.5,2.3,0.5,0.0,0.0,0.5,0.3,2.0
180,Tobias Harris,PF,24,DET,82,48,31.3,6.2,13.0,.481,2.3,2.8,.841,0.8,4.3,5.1,1.7,0.7,0.5,1.2,1.6,16.1
181,Aaron Harrison,SG,22,CHA,5,0,3.4,0.0,0.8,.000,0.2,0.4,.500,0.0,0.6,0.6,0.6,0.0,0.0,0.0,0.4,0.2
182,Andrew Harrison,PG,22,MEM,72,18,20.5,1.6,5.0,.325,2.1,2.7,.763,0.3,1.6,1.9,2.8,0.7,0.3,1.2,2.7,5.9
183,Udonis Haslem,C,36,MIA,16,0,8.1,0.7,1.4,.478,0.6,0.9,.600,0.5,1.8,2.3,0.4,0.4,0.1,0.5,1.4,1.9
184,Spencer Hawes,PF,28,TOT,54,1,14.8,2.5,5.1,.484,0.8,1.0,.846,0.7,2.8,3.5,1.5,0.3,0.6,0.9,1.4,6.2
185,Gordon Hayward,SF,26,UTA,73,73,34.5,7.5,15.8,.471,5.0,5.9,.844,0.7,4.7,5.4,3.5,1.0,0.3,1.9,1.6,21.9
186,Gerald Henderson,SG,29,PHI,72,41,23.2,3.3,7.7,.423,1.8,2.3,.806,0.5,2.1,2.6,1.6,0.6,0.2,0.9,1.8,9.2
187,John Henson,C,26,MIL,58,39,19.4,2.7,5.3,.515,1.3,1.8,.692,1.6,3.5,5.1,1.0,0.5,1.3,0.9,2.6,6.8
188,Juan Hernangomez,PF,21,DEN,62,9,13.6,1.6,3.6,.451,0.9,1.2,.750,0.7,2.3,3.0,0.5,0.5,0.2,0.5,1.0,4.9
189,Willy Hernangomez,C,22,NYK,72,22,18.4,3.4,6.5,.529,1.3,1.7,.728,2.4,4.6,7.0,1.3,0.6,0.5,1.4,2.1,8.2
190,Mario Hezonja,SF,21,ORL,65,2,14.8,1.8,5.1,.355,0.6,0.8,.800,0.3,1.9,2.2,1.0,0.5,0.2,0.9,1.1,4.9
191,Roy Hibbert,C,30,TOT,48,13,14.2,1.7,3.1,.544,1.3,1.6,.813,1.1,2.0,3.2,0.4,0.2,1.0,0.7,2.1,4.6
192,Buddy Hield,SG,23,TOT,82,55,23.0,4.0,9.4,.426,0.8,0.9,.842,0.4,2.9,3.3,1.5,0.5,0.1,1.2,1.4,10.6
193,Nene Hilario,C,34,HOU,67,8,17.9,3.7,5.9,.617,1.7,2.9,.589,1.4,2.8,4.2,1.0,0.8,0.6,1.1,2.4,9.1
194,George Hill,PG,30,UTA,49,49,31.5,5.9,12.4,.477,3.2,4.0,.801,0.5,2.9,3.4,4.2,1.0,0.2,1.7,2.3,16.9
195,Jordan Hill,C,29,MIN,7,0,6.7,0.7,1.9,.385,0.3,0.3,1.000,1.1,0.9,2.0,0.0,0.1,0.0,0.6,1.3,1.7
196,Solomon Hill,SF,25,NOP,80,71,29.7,2.3,6.0,.383,1.3,1.6,.805,0.6,3.2,3.8,1.8,0.9,0.4,1.0,2.3,7.0
197,Darrun Hilliard,SG,23,DET,39,1,9.8,1.2,3.2,.373,0.5,0.7,.750,0.1,0.8,0.8,0.8,0.3,0.1,0.7,1.0,3.3
198,Jrue Holiday,PG,26,NOP,67,61,32.7,6.0,13.3,.454,1.8,2.5,.708,0.7,3.3,3.9,7.3,1.5,0.7,2.9,2.0,15.4
199,Justin Holiday,SG,27,NYK,82,4,20.0,2.8,6.6,.433,0.8,1.0,.825,0.3,2.4,2.7,1.2,0.8,0.4,0.8,1.3,7.7
200,Rondae Hollis-Jefferson,SF,22,BKN,78,50,22.6,3.0,6.9,.434,2.4,3.2,.751,1.2,4.6,5.8,2.0,1.1,0.6,1.5,2.3,8.7
201,Richaun Holmes,C,23,PHI,57,17,20.9,4.0,7.2,.558,1.3,1.8,.699,1.6,3.8,5.5,1.0,0.7,1.0,1.0,2.4,9.8
202,Rodney Hood,SG,24,UTA,59,55,27.0,4.6,11.3,.408,1.5,1.9,.783,0.3,3.2,3.4,1.6,0.6,0.2,1.1,2.2,12.7
203,Al Horford,C,30,BOS,68,68,32.3,5.6,11.8,.473,1.6,2.0,.800,1.4,5.4,6.8,5.0,0.8,1.3,1.7,2.0,14.0
204,Danuel House,SG,23,WAS,1,0,1.0,0.0,0.0,,0.0,0.0,,0.0,1.0,1.0,0.0,0.0,0.0,0.0,0.0,0.0
205,Dwight Howard,C,31,ATL,74,74,29.7,5.2,8.3,.633,3.1,5.7,.533,4.0,8.7,12.7,1.4,0.9,1.2,2.3,2.7,13.5
206,Marcelo Huertas,PG,33,LAL,23,1,10.3,1.1,3.0,.368,0.4,0.7,.529,0.1,1.0,1.0,2.3,0.4,0.1,0.8,0.7,2.7
207,Josh Huestis,PF,25,OKC,2,0,15.5,3.0,5.5,.545,0.0,0.5,.000,2.0,2.5,4.5,1.5,0.0,1.5,0.0,0.0,7.0
208,Kris Humphries,PF,31,ATL,56,4,12.3,1.6,3.8,.407,1.1,1.5,.780,1.1,2.6,3.7,0.5,0.3,0.4,0.5,1.2,4.6
209,RJ Hunter,SG,23,CHI,3,0,3.0,0.0,0.3,.000,0.0,0.0,,0.0,0.3,0.3,0.0,0.0,0.0,0.0,0.0,0.0
210,Serge Ibaka,PF,27,TOT,79,79,30.7,6.0,12.4,.480,1.4,1.6,.856,1.6,5.2,6.8,0.9,0.5,1.6,1.3,2.7,14.8
211,Andre Iguodala,SF,33,GSW,76,0,26.3,2.9,5.5,.528,0.9,1.3,.706,0.7,3.3,4.0,3.4,1.0,0.5,0.8,1.3,7.6
212,Ersan Ilyasova,PF,29,TOT,82,52,26.1,4.7,10.9,.431,2.0,2.5,.778,1.4,4.5,5.9,1.7,0.7,0.3,1.4,2.6,13.1
213,Joe Ingles,SF,29,UTA,82,26,24.0,2.5,5.5,.452,0.6,0.8,.735,0.3,2.9,3.2,2.7,1.2,0.1,1.3,2.0,7.1
214,Brandon Ingram,SF,19,LAL,79,40,28.8,3.5,8.7,.402,1.7,2.7,.621,0.8,3.2,4.0,2.1,0.6,0.5,1.5,2.0,9.4
215,Kyrie Irving,PG,24,CLE,72,72,35.1,9.3,19.7,.473,4.1,4.6,.905,0.7,2.5,3.2,5.8,1.2,0.3,2.5,2.2,25.2
216,Jarrett Jack,PG,33,NOP,2,0,16.5,1.0,1.5,.667,1.0,1.0,1.000,0.0,0.0,0.0,2.5,1.0,0.0,1.5,2.0,3.0
217,Demetrius Jackson,PG,22,BOS,5,0,3.4,0.6,0.8,.750,0.6,1.2,.500,0.4,0.4,0.8,0.6,0.0,0.0,0.0,0.0,2.0
218,Pierre Jackson,PG,25,DAL,8,1,10.5,1.6,4.9,.333,0.8,0.9,.857,0.1,1.0,1.1,2.4,0.3,0.0,0.4,0.6,4.4
219,Reggie Jackson,PG,26,DET,52,50,27.4,5.5,13.0,.419,2.3,2.6,.868,0.4,1.8,2.2,5.2,0.7,0.1,2.2,2.5,14.5
220,LeBron James,SF,32,CLE,74,74,37.8,9.9,18.2,.548,4.8,7.2,.674,1.3,7.3,8.6,8.7,1.2,0.6,4.1,1.8,26.4
221,Al Jefferson,C,32,IND,66,1,14.1,3.6,7.1,.499,1.0,1.3,.765,1.1,3.1,4.2,0.9,0.3,0.2,0.5,1.9,8.1
222,Richard Jefferson,SF,36,CLE,79,13,20.4,1.9,4.3,.446,1.0,1.4,.741,0.4,2.2,2.6,1.0,0.3,0.1,0.7,1.9,5.7
223,John Jenkins,SG,25,PHX,4,0,3.3,0.5,1.3,.400,0.5,0.5,1.000,0.0,0.3,0.3,0.3,0.0,0.0,0.0,0.0,1.8
224,Brandon Jennings,PG,27,TOT,81,13,22.2,2.4,6.6,.359,1.4,1.9,.750,0.4,2.1,2.4,4.9,0.9,0.0,1.6,1.4,7.1
225,Jonas Jerebko,PF,29,BOS,78,6,15.8,1.5,3.4,.435,0.3,0.5,.703,0.8,2.7,3.5,0.9,0.3,0.2,0.5,1.6,3.8
226,Amir Johnson,PF,29,BOS,80,77,20.1,2.7,4.6,.576,0.8,1.3,.670,1.5,3.1,4.6,1.8,0.6,0.8,1.0,2.6,6.5
227,Brice Johnson,PF,22,LAC,3,0,3.0,0.7,2.3,.286,0.0,0.0,,0.3,0.7,1.0,0.3,0.7,0.3,0.3,0.0,1.3
228,James Johnson,PF,29,MIA,76,5,27.4,4.8,10.1,.479,2.0,2.8,.707,0.9,4.1,4.9,3.6,1.0,1.1,2.3,2.6,12.8
229,Joe Johnson,SF,35,UTA,78,14,23.6,3.5,8.0,.436,0.8,1.0,.818,0.4,2.7,3.1,1.8,0.5,0.2,0.9,1.2,9.2
230,Stanley Johnson,SF,20,DET,77,1,17.8,1.7,4.7,.353,0.5,0.7,.679,0.5,2.0,2.5,1.4,0.7,0.3,0.9,1.6,4.4
231,Tyler Johnson,PG,24,MIA,73,0,29.8,4.9,11.3,.433,2.7,3.5,.768,0.7,3.3,4.0,3.2,1.2,0.6,1.2,2.4,13.7
232,Wesley Johnson,SF,29,LAC,68,3,11.9,1.1,2.9,.365,0.2,0.3,.647,0.4,2.3,2.7,0.3,0.4,0.4,0.3,1.2,2.7
233,Nikola Jokic,C,21,DEN,73,59,27.9,6.8,11.7,.578,2.6,3.1,.825,2.9,6.9,9.8,4.9,0.8,0.8,2.3,2.9,16.7
234,Dahntay Jones,SF,36,CLE,1,0,12.0,3.0,8.0,.375,3.0,4.0,.750,1.0,1.0,2.0,1.0,0.0,0.0,1.0,1.0,9.0
235,Damian Jones,C,21,GSW,10,0,8.5,0.8,1.6,.500,0.3,1.0,.300,0.9,1.4,2.3,0.0,0.1,0.4,0.6,1.5,1.9
236,Derrick Jones,SF,19,PHX,32,8,17.0,2.1,3.8,.562,0.9,1.3,.707,1.2,1.3,2.5,0.4,0.4,0.4,0.4,2.0,5.3
237,James Jones,SF,36,CLE,48,2,7.9,0.9,1.9,.478,0.3,0.4,.650,0.1,0.7,0.8,0.3,0.1,0.2,0.2,0.8,2.8
238,Terrence Jones,PF,25,TOT,54,12,23.5,4.3,9.1,.470,1.9,3.1,.606,1.2,4.5,5.7,1.1,0.7,1.0,0.9,1.2,10.8
239,Tyus Jones,PG,20,MIN,60,0,12.9,1.3,3.0,.414,0.6,0.7,.767,0.2,1.0,1.1,2.6,0.8,0.1,0.6,0.8,3.5
240,DeAndre Jordan,C,28,LAC,81,81,31.7,5.1,7.1,.714,2.5,5.2,.482,3.7,10.1,13.8,1.2,0.6,1.7,1.4,2.6,12.7
241,Cory Joseph,PG,25,TOR,80,22,25.0,3.7,8.3,.452,1.2,1.5,.770,0.6,2.3,2.9,3.3,0.8,0.2,1.4,1.8,9.3
242,Frank Kaminsky,C,23,CHA,75,16,26.1,4.3,10.7,.399,1.6,2.1,.756,0.8,3.7,4.5,2.2,0.6,0.5,1.0,1.9,11.7
243,Enes Kanter,C,24,OKC,72,0,21.3,5.6,10.2,.545,3.1,4.0,.786,2.7,4.0,6.7,0.9,0.4,0.5,1.7,2.1,14.3
244,Ryan Kelly,PF,25,ATL,16,0,6.9,0.5,1.8,.286,0.3,0.4,.833,0.1,1.1,1.1,0.5,0.3,0.3,0.3,0.3,1.6
245,Michael Kidd-Gilchrist,SF,23,CHA,81,81,29.0,3.6,7.6,.477,1.9,2.4,.784,1.9,5.0,7.0,1.4,1.0,1.0,0.7,2.3,9.2
246,Sean Kilpatrick,SG,27,BKN,70,24,25.1,4.4,10.5,.415,2.9,3.5,.843,0.3,3.7,4.0,2.2,0.6,0.1,1.9,1.7,13.1
247,Brandon Knight,SG,25,PHX,54,5,21.1,3.9,9.7,.398,2.4,2.9,.857,0.5,1.7,2.2,2.4,0.5,0.1,1.6,1.6,11.0
248,Kyle Korver,SG,35,TOT,67,22,26.2,3.6,7.7,.464,0.6,0.6,.905,0.1,2.7,2.8,1.6,0.5,0.3,1.0,1.6,10.1
249,Kosta Koufos,C,27,SAC,71,62,20.0,3.0,5.5,.551,0.5,0.9,.613,1.7,4.0,5.7,0.7,0.5,0.7,0.9,2.4,6.6
250,Mindaugas Kuzminskas,SF,27,NYK,68,5,14.9,2.3,5.4,.428,0.8,1.0,.809,0.7,1.2,1.9,1.0,0.4,0.2,0.8,1.2,6.3
251,Skal Labissiere,PF,20,SAC,33,12,18.5,3.5,6.6,.537,1.6,2.2,.703,1.5,3.4,4.9,0.8,0.5,0.4,1.1,1.9,8.8
252,Jeremy Lamb,SG,24,CHA,62,5,18.4,3.6,7.9,.460,1.8,2.1,.853,0.5,3.8,4.3,1.2,0.4,0.4,0.6,1.6,9.7
253,Nicolas Laprovittola,PG,27,SAS,18,3,9.7,1.1,2.6,.426,0.5,0.5,1.000,0.1,0.5,0.6,1.6,0.2,0.1,1.1,1.1,3.3
254,Joffrey Lauvergne,C,25,TOT,70,1,14.0,2.1,4.8,.440,0.7,1.0,.630,1.0,2.6,3.6,1.0,0.4,0.1,0.8,1.2,5.4
255,Zach LaVine,SG,21,MIN,47,47,37.2,6.9,15.1,.459,2.5,3.0,.836,0.4,3.0,3.4,3.0,0.9,0.2,1.8,2.2,18.9
256,Ty Lawson,PG,29,SAC,69,24,25.1,3.4,7.6,.454,2.5,3.1,.797,0.6,2.0,2.6,4.8,1.1,0.1,1.9,1.7,9.9
257,Jake Layman,SF,22,POR,35,1,7.1,0.7,2.5,.292,0.4,0.5,.765,0.2,0.5,0.7,0.3,0.3,0.1,0.3,0.6,2.2
258,Courtney Lee,SG,31,NYK,77,74,31.9,4.2,9.1,.456,1.1,1.3,.867,0.7,2.7,3.4,2.3,1.1,0.3,0.9,1.8,10.8
259,David Lee,PF,33,SAS,79,10,18.7,3.1,5.3,.590,1.0,1.4,.708,1.9,3.7,5.6,1.6,0.4,0.5,1.0,1.6,7.3
260,Alex Len,C,23,PHX,77,34,20.3,3.0,6.0,.497,1.9,2.7,.721,2.0,4.6,6.6,0.6,0.5,1.3,1.3,3.1,8.0
261,Kawhi Leonard,SF,25,SAS,74,74,33.4,8.6,17.7,.485,6.3,7.2,.880,1.1,4.7,5.8,3.5,1.8,0.7,2.1,1.6,25.5
262,Meyers Leonard,PF,24,POR,74,12,16.5,2.0,5.1,.386,0.5,0.5,.875,0.4,2.8,3.2,1.0,0.2,0.4,0.5,2.3,5.4
263,Jon Leuer,PF,27,DET,75,34,25.9,4.1,8.6,.480,1.3,1.5,.867,1.4,4.0,5.4,1.5,0.4,0.3,0.9,1.9,10.2
264,Caris LeVert,SF,22,BKN,57,26,21.7,3.0,6.7,.450,1.2,1.6,.720,0.4,2.9,3.3,1.9,0.9,0.1,1.0,1.6,8.2
265,DeAndre Liggins,SG,28,TOT,62,19,12.5,0.9,2.3,.387,0.4,0.6,.625,0.3,1.4,1.7,0.9,0.8,0.2,0.7,1.3,2.5
266,Damian Lillard,PG,26,POR,75,75,35.9,8.8,19.8,.444,6.5,7.3,.895,0.6,4.3,4.9,5.9,0.9,0.3,2.6,2.0,27.0
267,Jeremy Lin,PG,28,BKN,36,33,24.5,4.9,11.1,.438,3.2,3.9,.816,0.3,3.4,3.8,5.1,1.2,0.4,2.4,2.2,14.5
268,Shaun Livingston,PG,31,GSW,76,3,17.7,2.3,4.2,.547,0.6,0.8,.700,0.4,1.6,2.0,1.8,0.5,0.3,0.8,1.6,5.1
269,Shawn Long,C,24,PHI,18,0,13.0,3.4,6.1,.560,1.1,1.9,.543,2.3,2.4,4.7,0.7,0.5,0.5,0.7,2.7,8.2
270,Kevon Looney,C,20,GSW,53,4,8.4,1.1,2.0,.523,0.4,0.6,.618,0.8,1.5,2.3,0.5,0.3,0.3,0.3,1.2,2.5
271,Brook Lopez,C,28,BKN,75,75,29.6,7.4,15.6,.474,3.9,4.9,.810,1.6,3.8,5.4,2.3,0.5,1.7,2.5,2.6,20.5
272,Robin Lopez,C,28,CHI,81,81,28.0,4.7,9.6,.493,0.9,1.3,.721,3.0,3.4,6.4,1.0,0.2,1.4,1.1,1.9,10.4
273,Kevin Love,PF,28,CLE,60,60,31.4,6.2,14.5,.427,4.3,4.9,.871,2.5,8.6,11.1,1.9,0.9,0.4,2.0,2.1,19.0
274,Kyle Lowry,PG,30,TOR,60,60,37.4,7.1,15.3,.464,5.0,6.1,.819,0.8,4.0,4.8,7.0,1.5,0.3,2.9,2.8,22.4
275,John Lucas III,PG,34,MIN,5,0,2.2,0.2,0.8,.250,0.0,0.0,,0.0,0.0,0.0,0.2,0.4,0.0,0.0,0.0,0.4
276,Timothe Luwawu-Cabarrot,SF,21,PHI,69,19,17.2,2.1,5.2,.402,1.5,1.8,.854,0.4,1.8,2.2,1.1,0.5,0.1,1.1,2.2,6.4
277,Trey Lyles,PF,21,UTA,71,4,16.3,2.2,6.2,.362,0.8,1.1,.722,0.7,2.6,3.3,1.0,0.4,0.3,0.9,1.4,6.2
278,Sheldon Mac,SG,24,WAS,30,3,9.6,1.0,2.5,.400,0.8,0.9,.852,0.1,1.0,1.1,0.5,0.3,0.1,0.2,0.6,3.0
279,Shelvin Mack,PG,26,UTA,55,9,21.9,3.1,6.9,.446,1.0,1.4,.688,0.4,1.9,2.3,2.8,0.8,0.1,1.6,1.8,7.8
280,Ian Mahinmi,C,30,WAS,31,0,17.9,2.1,3.6,.586,1.4,2.4,.573,1.5,3.3,4.8,0.6,1.1,0.8,1.1,2.9,5.6
281,Thon Maker,C,19,MIL,57,34,9.9,1.5,3.2,.459,0.6,0.9,.653,0.7,1.3,2.0,0.4,0.2,0.5,0.3,1.5,4.0
282,Boban Marjanovic,C,28,DET,35,0,8.4,2.1,3.8,.545,1.3,1.7,.810,1.3,2.4,3.7,0.3,0.2,0.3,0.3,0.7,5.5
283,Jarell Martin,PF,22,MEM,42,3,13.3,1.4,3.6,.384,1.0,1.2,.800,1.0,2.9,3.9,0.2,0.4,0.2,0.7,2.2,3.9
284,Wesley Matthews,SG,30,DAL,73,73,34.2,4.6,11.6,.393,2.0,2.5,.816,0.2,3.3,3.5,2.9,1.1,0.2,1.4,2.2,13.5
285,Luc Mbah a Moute,SF,30,LAC,80,76,22.3,2.4,4.7,.505,0.7,1.1,.678,0.6,1.6,2.1,0.5,1.0,0.4,0.6,1.5,6.1
286,James Michael McAdoo,PF,24,GSW,52,2,8.8,1.2,2.3,.530,0.4,0.8,.500,0.7,1.1,1.8,0.3,0.3,0.6,0.4,0.9,2.8
287,Patrick McCaw,SG,21,GSW,71,20,15.1,1.5,3.5,.433,0.4,0.5,.784,0.3,1.1,1.4,1.1,0.5,0.2,0.5,0.9,4.0
288,CJ McCollum,SG,25,POR,80,80,35.0,8.7,18.0,.480,3.4,3.7,.912,0.8,2.9,3.6,3.6,0.9,0.5,2.2,2.5,23.0
289,TJ McConnell,PG,24,PHI,81,51,26.3,2.9,6.3,.461,0.9,1.1,.811,0.5,2.6,3.1,6.6,1.7,0.1,2.0,1.7,6.9
290,Chris McCullough,PF,21,TOT,16,0,5.0,1.0,2.0,.500,0.2,0.3,.600,0.6,0.6,1.2,0.1,0.1,0.1,0.2,0.4,2.3
291,KJ McDaniels,SF,23,TOT,49,0,10.3,1.6,3.4,.456,0.7,0.8,.842,0.3,1.4,1.7,0.3,0.4,0.4,0.6,1.0,4.2
292,Doug McDermott,SF,25,TOT,66,5,22.8,3.4,7.5,.447,1.1,1.3,.845,0.3,2.4,2.7,0.9,0.2,0.1,0.6,1.2,9.0
293,JaVale McGee,C,29,GSW,77,10,9.6,2.7,4.1,.652,0.7,1.4,.505,1.3,1.9,3.2,0.2,0.2,0.9,0.5,1.4,6.1
294,Rodney McGruder,SG,25,MIA,78,65,25.2,2.4,5.9,.413,0.6,0.9,.620,1.2,2.1,3.3,1.6,0.6,0.2,0.7,1.8,6.4
295,Ben McLemore,SG,23,SAC,61,26,19.3,3.0,6.9,.430,1.1,1.5,.753,0.3,1.8,2.1,0.8,0.5,0.1,1.0,1.8,8.1
296,Jordan McRae,SG,25,CLE,37,4,10.4,1.6,4.1,.387,0.7,0.9,.794,0.2,0.9,1.1,0.5,0.2,0.2,0.4,0.8,4.4
297,Josh McRoberts,PF,29,MIA,22,14,17.3,2.0,5.4,.373,0.3,0.4,.667,1.0,2.3,3.4,2.3,0.5,0.2,1.0,1.4,4.9
298,Jodie Meeks,SG,29,ORL,36,10,20.5,2.9,7.1,.402,1.8,2.1,.878,0.1,2.0,2.1,1.3,0.9,0.1,1.0,1.1,9.1
299,Salah Mejri,C,30,DAL,73,11,12.4,1.2,1.9,.642,0.5,0.8,.590,1.3,2.9,4.2,0.2,0.4,0.8,0.5,2.1,2.9
300,Jordan Mickey,PF,22,BOS,25,1,5.6,0.6,1.4,.441,0.3,0.6,.571,0.5,0.8,1.4,0.3,0.1,0.2,0.4,0.5,1.5
301,Khris Middleton,SF,25,MIL,29,23,30.7,5.2,11.5,.450,2.8,3.2,.880,0.4,3.9,4.2,3.4,1.4,0.2,2.2,2.7,14.7
302,CJ Miles,SF,29,IND,76,29,23.4,3.7,8.5,.434,1.1,1.2,.903,0.4,2.6,3.0,0.6,0.6,0.3,0.5,2.0,10.7
303,Mike Miller,SF,36,DEN,20,0,7.6,0.5,1.2,.391,0.1,0.1,1.000,0.1,1.8,1.9,1.1,0.1,0.0,0.7,0.5,1.4
304,Patty Mills,PG,28,SAS,80,8,21.9,3.4,7.8,.440,0.8,1.0,.825,0.3,1.5,1.8,3.5,0.8,0.0,1.3,1.4,9.5
305,Elijah Millsap,SG,29,PHX,2,0,11.5,0.5,3.5,.143,0.5,1.0,.500,1.5,1.5,3.0,0.5,0.0,0.0,1.0,1.0,1.5
306,Paul Millsap,PF,31,ATL,69,67,34.0,6.2,14.1,.442,4.5,5.9,.768,1.6,6.1,7.7,3.7,1.3,0.9,2.3,2.7,18.1
307,Nikola Mirotic,PF,25,CHI,70,15,24.0,3.7,8.9,.413,1.4,1.8,.773,0.9,4.6,5.5,1.1,0.8,0.8,1.1,1.8,10.6
308,Greg Monroe,C,26,MIL,81,0,22.5,4.8,9.0,.533,2.2,3.0,.741,2.1,4.5,6.6,2.3,1.1,0.5,1.7,2.1,11.7
309,E'Twaun Moore,SG,27,NOP,73,22,24.9,3.9,8.5,.457,0.8,1.0,.770,0.5,1.6,2.1,2.2,0.7,0.4,0.8,1.8,9.6
310,Marcus Morris,SF,27,DET,79,79,32.5,5.3,12.7,.418,1.8,2.3,.784,1.0,3.7,4.6,2.0,0.7,0.3,1.1,2.1,14.0
311,Markieff Morris,PF,27,WAS,76,76,31.2,5.3,11.7,.457,2.4,2.8,.837,1.4,5.1,6.5,1.7,1.1,0.6,1.7,3.3,14.0
312,Anthony Morrow,SG,31,TOT,49,7,14.6,2.0,5.1,.389,0.7,0.8,.919,0.2,0.4,0.6,0.5,0.5,0.0,0.1,0.9,5.5
313,Donatas Motiejunas,PF,26,NOP,34,0,14.1,1.7,4.1,.413,0.7,1.4,.510,0.8,2.2,3.0,0.9,0.5,0.3,0.9,1.6,4.4
314,Timofey Mozgov,C,30,LAL,54,52,20.4,3.1,6.1,.515,1.2,1.4,.808,1.9,3.0,4.9,0.8,0.3,0.6,1.3,2.5,7.4
315,Emmanuel Mudiay,PG,20,DEN,55,41,25.6,3.8,10.0,.377,2.4,3.0,.784,0.5,2.7,3.2,3.9,0.7,0.2,2.2,1.7,11.0
316,Shabazz Muhammad,SF,24,MIN,78,1,19.4,3.7,7.7,.482,1.9,2.4,.774,1.1,1.7,2.8,0.4,0.3,0.1,0.7,1.1,9.9
317,Dejounte Murray,PG,20,SAS,38,8,8.5,1.3,3.1,.431,0.6,0.8,.700,0.2,0.9,1.1,1.3,0.2,0.2,1.0,0.8,3.4
318,Jamal Murray,SG,19,DEN,82,10,21.5,3.6,8.9,.404,1.3,1.5,.883,0.5,2.1,2.6,2.1,0.6,0.3,1.4,1.5,9.9
319,Mike Muscala,C,25,ATL,70,3,17.7,2.4,4.8,.504,0.7,0.9,.766,1.1,2.3,3.4,1.4,0.4,0.6,0.8,1.4,6.2
320,Larry Nance,PF,24,LAL,63,7,22.9,3.0,5.7,.526,0.9,1.3,.738,1.9,4.0,5.9,1.5,1.3,0.6,0.9,2.4,7.1
321,Shabazz Napier,PG,25,POR,53,2,9.7,1.4,3.5,.399,0.7,0.9,.776,0.2,1.0,1.2,1.3,0.6,0.0,0.8,0.7,4.1
322,Maurice Ndour,PF,24,NYK,32,4,10.3,1.2,2.7,.453,0.6,0.8,.731,0.7,1.3,2.0,0.3,0.5,0.3,0.4,0.9,3.1
323,Gary Neal,SG,32,ATL,2,0,9.0,0.0,3.5,.000,2.0,2.0,1.000,0.0,0.5,0.5,0.5,0.0,0.0,0.0,0.5,2.0
324,Jameer Nelson,PG,34,DEN,75,39,27.3,3.6,8.1,.444,0.6,0.8,.714,0.4,2.2,2.6,5.1,0.7,0.1,1.7,2.6,9.2
325,Raul Neto,PG,24,UTA,40,0,8.7,1.0,2.3,.451,0.2,0.2,.889,0.1,0.7,0.8,0.9,0.5,0.1,0.4,1.2,2.5
326,Georges Niang,PF,23,IND,23,0,4.0,0.4,1.6,.250,0.1,0.1,1.000,0.1,0.7,0.7,0.2,0.1,0.0,0.2,0.3,0.9
327,Andrew Nicholson,PF,27,TOT,38,0,9.0,1.1,2.9,.387,0.2,0.4,.643,0.4,1.2,1.6,0.3,0.4,0.2,0.4,1.4,2.6
328,Joakim Noah,C,31,NYK,46,46,22.1,2.2,4.4,.490,0.7,1.7,.436,3.5,5.2,8.8,2.2,0.7,0.8,1.3,2.8,5.0
329,Nerlens Noel,C,22,TOT,51,19,20.5,3.6,6.1,.595,1.5,2.2,.694,1.8,3.9,5.8,1.0,1.3,1.0,1.0,2.5,8.7
330,Lucas Nogueira,C,24,TOR,57,6,19.1,1.8,2.7,.660,0.8,1.2,.657,1.4,2.8,4.3,0.7,0.9,1.6,0.8,2.4,4.4
331,Steve Novak,PF,33,MIL,8,0,2.8,0.3,0.9,.286,0.0,0.0,,0.0,0.4,0.4,0.0,0.0,0.0,0.0,0.1,0.6
332,Dirk Nowitzki,PF,38,DAL,54,54,26.4,5.5,12.6,.437,1.8,2.1,.875,0.4,6.1,6.5,1.5,0.6,0.7,0.9,2.1,14.2
333,Jusuf Nurkic,C,22,TOT,65,48,21.4,4.2,8.2,.507,1.8,3.2,.571,2.4,4.8,7.2,1.9,0.8,1.1,2.2,2.5,10.2
334,David Nwaba,SG,24,LAL,20,2,19.9,2.4,4.1,.580,1.3,2.0,.641,0.9,2.3,3.2,0.7,0.7,0.4,0.6,1.8,6.0
335,Johnny O'Bryant,PF,23,TOT,11,0,7.3,1.4,2.7,.500,0.5,0.5,.833,0.8,0.9,1.7,0.5,0.0,0.1,0.5,0.9,3.5
336,Kyle O'Quinn,C,26,NYK,79,8,15.6,2.7,5.2,.521,0.8,1.1,.771,2.0,3.6,5.6,1.5,0.5,1.3,1.0,2.2,6.3
337,Daniel Ochefu,C,23,WAS,19,0,3.9,0.6,1.4,.444,0.0,0.1,.000,0.3,0.9,1.2,0.2,0.1,0.0,0.2,0.9,1.3
338,Jahlil Okafor,C,21,PHI,50,33,22.7,4.8,9.4,.514,2.1,3.2,.671,1.6,3.2,4.8,1.2,0.4,1.0,1.8,2.4,11.8
339,Victor Oladipo,SG,24,OKC,67,67,33.2,6.1,13.9,.442,1.7,2.3,.753,0.6,3.8,4.3,2.6,1.2,0.3,1.8,2.3,15.9
340,Kelly Olynyk,C,25,BOS,75,6,20.5,3.5,6.8,.512,1.2,1.6,.732,1.0,3.8,4.8,2.0,0.6,0.4,1.3,2.8,9.0
341,Arinze Onuaku,C,29,ORL,8,0,3.5,0.3,0.5,.500,0.0,0.0,,0.3,0.5,0.8,0.3,0.0,0.1,0.3,0.4,0.5
342,Chinanu Onuaku,C,20,HOU,5,1,10.4,1.0,1.4,.714,0.8,0.8,1.000,0.4,1.6,2.0,0.6,0.6,0.2,0.8,1.2,2.8
343,Kelly Oubre,SF,21,WAS,79,5,20.3,2.4,5.6,.421,0.9,1.3,.758,0.8,2.5,3.3,0.6,0.7,0.2,0.6,2.5,6.3
344,Zaza Pachulia,C,32,GSW,70,70,18.1,2.3,4.4,.534,1.4,1.8,.778,2.0,3.9,5.9,1.9,0.8,0.5,1.2,2.4,6.1
345,Georgios Papagiannis,C,19,SAC,22,0,16.1,2.5,4.6,.549,0.5,0.6,.857,1.1,2.8,3.9,0.9,0.1,0.8,1.1,2.0,5.6
346,Jabari Parker,PF,21,MIL,51,50,33.9,7.8,16.0,.490,3.2,4.3,.743,1.5,4.6,6.2,2.8,1.0,0.4,1.8,2.2,20.1
347,Tony Parker,PG,34,SAS,63,63,25.2,4.2,9.0,.466,1.3,1.9,.726,0.1,1.7,1.8,4.5,0.5,0.0,1.4,1.5,10.1
348,Chandler Parsons,SF,28,MEM,34,34,19.9,2.2,6.5,.338,1.0,1.3,.814,0.2,2.3,2.5,1.6,0.6,0.1,0.7,1.5,6.2
349,Lamar Patterson,SG,25,ATL,5,0,8.0,0.6,3.0,.200,0.4,0.6,.667,0.2,1.2,1.4,1.2,0.2,0.0,0.8,1.2,1.8
350,Patrick Patterson,PF,27,TOR,65,8,24.6,2.4,5.9,.401,0.7,0.9,.717,1.0,3.6,4.5,1.2,0.6,0.4,0.6,1.8,6.8
351,Chris Paul,PG,31,LAC,61,61,31.5,6.1,12.9,.476,3.8,4.3,.892,0.7,4.3,5.0,9.2,2.0,0.1,2.4,2.4,18.1
352,Adreian Payne,PF,25,MIN,18,0,7.5,1.3,3.0,.426,0.8,1.1,.737,0.5,1.3,1.8,0.4,0.4,0.4,0.4,1.8,3.5
353,Cameron Payne,PG,22,TOT,31,0,14.9,2.1,6.2,.332,0.2,0.3,.625,0.1,1.5,1.5,1.8,0.5,0.1,0.9,1.7,5.2
354,Elfrid Payton,PG,22,ORL,82,58,29.4,5.2,11.1,.471,1.8,2.6,.692,1.1,3.6,4.7,6.5,1.1,0.5,2.2,2.2,12.8
355,Gary Payton,PG,24,MIL,6,0,16.5,1.3,3.7,.364,0.5,0.8,.600,0.0,2.0,2.0,2.2,0.5,0.7,1.7,1.5,3.3
356,Paul Pierce,SF,39,LAC,25,7,11.1,1.1,2.8,.400,0.4,0.5,.769,0.0,1.9,1.9,0.4,0.2,0.2,0.6,1.6,3.2
357,Marshall Plumlee,C,24,NYK,21,1,8.1,0.8,1.4,.533,0.4,0.9,.421,1.1,1.3,2.4,0.5,0.2,0.2,0.6,1.1,1.9
358,Mason Plumlee,C,26,TOT,81,64,26.5,4.1,7.7,.536,2.1,3.7,.580,2.1,5.4,7.5,3.5,0.9,1.1,1.7,2.8,10.4
359,Miles Plumlee,C,28,TOT,45,12,10.8,1.0,2.0,.478,0.6,0.9,.641,0.8,1.3,2.1,0.5,0.4,0.3,0.7,1.6,2.5
360,Jakob Poeltl,C,21,TOR,54,4,11.6,1.2,2.1,.583,0.6,1.1,.544,1.4,1.6,3.1,0.2,0.3,0.4,0.5,2.1,3.1
361,Otto Porter,SF,23,WAS,80,80,32.6,5.2,10.0,.516,1.2,1.5,.832,1.5,5.0,6.4,1.5,1.5,0.5,0.6,2.4,13.4
362,Bobby Portis,PF,21,CHI,64,13,15.6,2.9,5.9,.488,0.6,0.9,.661,1.2,3.5,4.6,0.5,0.3,0.2,0.6,1.5,6.8
363,Kristaps Porzingis,PF,21,NYK,66,65,32.8,6.7,14.9,.450,3.0,3.8,.786,1.7,5.5,7.2,1.5,0.7,2.0,1.8,3.7,18.1
364,Dwight Powell,C,25,DAL,77,3,17.3,2.5,4.9,.515,1.4,1.8,.759,1.2,2.8,4.0,0.6,0.8,0.5,0.4,1.8,6.7
365,Norman Powell,SG,23,TOR,76,18,18.0,3.0,6.7,.449,1.7,2.1,.792,0.3,1.9,2.2,1.1,0.7,0.2,0.9,1.7,8.4
366,Alex Poythress,PF,23,PHI,6,1,26.2,4.2,9.0,.463,1.3,1.7,.800,1.8,3.0,4.8,0.8,0.5,0.3,0.5,2.3,10.7
367,Ronnie Price,PG,33,PHX,14,0,9.6,0.3,1.7,.167,0.2,0.3,.750,0.2,0.6,0.8,1.3,0.8,0.1,0.2,1.0,1.0
368,Tim Quarterman,SG,22,POR,16,0,5.0,0.8,1.8,.448,0.0,0.2,.000,0.3,0.6,0.9,0.7,0.1,0.2,0.7,0.4,1.9
369,Chasson Randle,PG,23,TOT,26,0,11.5,1.5,3.8,.408,1.6,1.7,.953,0.2,1.0,1.2,1.3,0.3,0.1,0.7,1.5,5.3
370,Julius Randle,PF,22,LAL,74,73,28.8,5.1,10.4,.488,2.8,3.8,.723,2.0,6.6,8.6,3.6,0.7,0.5,2.3,3.4,13.2
371,Zach Randolph,PF,35,MEM,73,5,24.5,5.9,13.2,.449,1.9,2.6,.731,2.5,5.7,8.2,1.7,0.5,0.1,1.4,1.9,14.1
372,JJ Redick,SG,32,LAC,78,78,28.2,5.1,11.4,.445,2.3,2.6,.891,0.1,2.1,2.2,1.4,0.7,0.2,1.3,1.6,15.0
373,Willie Reed,C,26,MIA,71,5,14.5,2.3,4.0,.568,0.7,1.2,.557,1.8,2.9,4.7,0.4,0.3,0.7,0.4,1.9,5.3
374,Josh Richardson,SG,23,MIA,53,34,30.5,3.8,9.7,.394,1.1,1.5,.779,0.7,2.5,3.2,2.6,1.1,0.7,1.2,2.5,10.2
375,Malachi Richardson,SG,21,SAC,22,0,9.0,1.3,3.1,.412,0.7,0.9,.789,0.1,0.9,1.0,0.5,0.2,0.0,0.4,1.0,3.6
376,Austin Rivers,SG,24,LAC,74,29,27.8,4.4,9.9,.442,1.8,2.6,.691,0.3,1.9,2.2,2.8,0.6,0.1,1.6,2.5,12.0
377,Andre Roberson,SF,25,OKC,79,79,30.1,2.7,5.9,.464,0.6,1.4,.423,1.2,3.9,5.1,1.0,1.2,1.0,0.6,2.6,6.6
378,Brian Roberts,PG,31,CHA,41,2,10.1,1.1,3.0,.377,0.8,1.0,.846,0.1,0.8,1.0,1.3,0.2,0.0,0.6,0.4,3.5
379,Glenn Robinson,SF,23,IND,69,27,20.7,2.3,4.9,.467,0.8,1.1,.711,0.8,2.7,3.6,0.7,0.6,0.3,0.5,0.9,6.1
380,Thomas Robinson,PF,25,LAL,48,1,11.7,2.2,4.1,.536,0.6,1.4,.470,1.8,2.9,4.6,0.6,0.5,0.2,1.0,1.6,5.0
381,Sergio Rodriguez,PG,30,PHI,68,30,22.3,3.1,7.9,.392,0.3,0.4,.667,0.3,2.0,2.3,5.1,0.7,0.1,1.9,1.4,7.8
382,Rajon Rondo,PG,30,CHI,69,42,26.7,3.3,8.1,.408,0.4,0.7,.600,1.1,4.1,5.1,6.7,1.4,0.2,2.4,2.1,7.8
383,Derrick Rose,PG,28,NYK,64,64,32.5,7.2,15.3,.471,3.5,4.0,.874,1.0,2.8,3.8,4.4,0.7,0.3,2.3,1.3,18.0
384,Terrence Ross,SF,25,TOT,78,24,25.1,4.2,9.6,.437,0.8,1.0,.831,0.2,2.4,2.6,1.1,1.1,0.4,0.9,1.8,11.0
385,Terry Rozier,PG,22,BOS,74,0,17.1,2.0,5.6,.367,0.7,0.9,.773,0.5,2.5,3.1,1.8,0.6,0.1,0.6,0.9,5.5
386,Ricky Rubio,PG,26,MIN,75,75,32.9,3.5,8.7,.402,3.4,3.8,.891,0.9,3.2,4.1,9.1,1.7,0.1,2.6,2.7,11.1
387,Damjan Rudez,SF,30,ORL,45,0,7.0,0.7,2.0,.352,0.0,0.0,,0.1,0.4,0.6,0.4,0.3,0.0,0.2,0.7,1.8
388,Brandon Rush,SG,31,MIN,47,33,21.9,1.5,4.0,.374,0.3,0.4,.722,0.3,1.8,2.1,1.0,0.5,0.5,0.6,0.9,4.2
389,D'Angelo Russell,PG,20,LAL,63,60,28.7,5.6,13.8,.405,2.3,3.0,.782,0.5,3.0,3.5,4.8,1.4,0.3,2.8,2.1,15.6
390,Domantas Sabonis,PF,20,OKC,81,66,20.1,2.4,5.9,.399,0.5,0.8,.657,0.6,3.0,3.6,1.0,0.5,0.4,1.0,2.5,5.9
391,Larry Sanders,C,28,CLE,5,0,2.6,0.2,0.8,.250,0.4,0.4,1.000,0.6,0.2,0.8,0.0,0.2,0.2,0.4,1.0,0.8
392,Dario Saric,PF,22,PHI,81,36,26.3,4.7,11.4,.411,2.1,2.7,.782,1.4,5.0,6.3,2.2,0.7,0.4,2.3,2.0,12.8
393,Tomas Satoransky,SG,25,WAS,57,3,12.6,1.1,2.6,.415,0.4,0.6,.697,0.4,1.0,1.5,1.6,0.5,0.1,0.7,1.1,2.7
394,Dennis Schroder,PG,23,ATL,79,78,31.5,6.9,15.4,.451,2.8,3.2,.855,0.5,2.6,3.1,6.3,0.9,0.2,3.3,1.9,17.9
395,Luis Scola,PF,36,BKN,36,1,12.8,2.0,4.2,.470,0.7,1.0,.676,1.4,2.4,3.9,1.0,0.4,0.1,0.9,1.8,5.1
396,Mike Scott,PF,28,ATL,18,0,10.8,0.9,3.3,.288,0.4,0.4,.875,0.6,1.5,2.1,0.9,0.2,0.2,0.4,0.7,2.5
397,Thabo Sefolosha,SF,32,ATL,62,42,25.7,2.8,6.4,.441,0.9,1.2,.733,0.9,3.5,4.4,1.7,1.5,0.5,0.9,1.6,7.2
398,Wayne Selden,SG,22,TOT,14,5,16.9,1.8,4.1,.431,1.0,1.6,.636,0.1,1.1,1.1,0.9,0.4,0.1,0.9,1.3,5.1
399,Kevin Seraphin,PF,27,IND,49,3,11.4,2.2,4.0,.551,0.3,0.4,.636,0.8,2.1,2.9,0.5,0.1,0.4,0.6,1.3,4.7
400,Ramon Sessions,PG,30,CHA,50,1,16.2,2.0,5.3,.380,1.8,2.4,.771,0.2,1.2,1.5,2.6,0.5,0.1,0.9,0.9,6.2
401,Iman Shumpert,SG,26,CLE,76,31,25.5,2.6,6.4,.411,0.9,1.2,.789,0.5,2.4,2.9,1.4,0.8,0.4,1.0,2.0,7.5
402,Pascal Siakam,PF,22,TOR,55,38,15.6,1.9,3.7,.502,0.4,0.6,.688,1.2,2.2,3.4,0.3,0.5,0.8,0.6,2.0,4.2
403,Jonathon Simmons,SG,27,SAS,78,8,17.8,2.3,5.4,.420,1.3,1.7,.750,0.3,1.8,2.1,1.6,0.6,0.3,1.0,1.9,6.2
404,Kyle Singler,SF,28,OKC,32,2,12.0,1.1,2.6,.410,0.4,0.5,.765,0.3,1.3,1.5,0.3,0.2,0.2,0.3,0.9,2.8
405,Marcus Smart,SG,22,BOS,79,24,30.4,3.4,9.5,.359,2.6,3.2,.812,1.0,2.9,3.9,4.6,1.6,0.4,2.0,2.4,10.6
406,Ish Smith,PG,28,DET,81,32,24.1,4.1,9.2,.439,0.9,1.3,.706,0.3,2.6,2.9,5.2,0.8,0.4,1.4,1.6,9.4
407,JR Smith,SG,31,CLE,41,35,29.0,3.0,8.7,.346,0.2,0.4,.667,0.4,2.3,2.8,1.5,1.0,0.3,0.6,1.9,8.6
408,Jason Smith,C,30,WAS,74,3,14.4,2.4,4.4,.529,0.5,0.7,.686,0.9,2.6,3.5,0.5,0.3,0.7,0.8,2.3,5.7
409,Tony Snell,SG,25,MIL,80,80,29.2,3.1,6.8,.455,0.6,0.7,.810,0.3,2.8,3.1,1.2,0.7,0.2,0.7,1.6,8.5
410,Marreese Speights,C,29,LAC,82,2,15.7,3.0,6.7,.445,1.5,1.7,.876,1.1,3.5,4.5,0.8,0.3,0.5,0.8,2.8,8.7
411,Tiago Splitter,C,32,PHI,8,0,9.5,1.8,3.9,.452,1.1,1.4,.818,1.0,1.8,2.8,0.5,0.1,0.1,0.8,1.0,4.9
412,Nik Stauskas,SG,23,PHI,80,27,27.4,3.1,7.9,.396,1.5,1.9,.813,0.3,2.6,2.8,2.4,0.6,0.4,1.6,1.8,9.5
413,Lance Stephenson,SG,26,TOT,18,0,20.1,3.0,6.7,.450,0.4,0.7,.615,0.2,2.7,2.9,3.3,0.3,0.2,1.4,1.8,6.8
414,Jarnell Stokes,C,23,DEN,2,0,3.5,0.5,0.5,1.000,0.5,1.0,.500,0.5,0.5,1.0,1.0,0.5,0.0,0.0,1.5,1.5
415,Diamond Stone,C,19,LAC,7,0,3.4,0.4,1.9,.231,0.6,0.6,1.000,0.1,0.7,0.9,0.0,0.0,0.1,0.3,0.7,1.4
416,Rodney Stuckey,PG,30,IND,39,0,17.8,2.3,6.3,.373,2.1,2.7,.748,0.2,2.0,2.2,2.2,0.4,0.0,1.4,1.1,7.2
417,Jared Sullinger,PF,24,TOR,11,1,10.7,1.4,4.3,.319,0.4,0.7,.500,0.9,1.5,2.5,0.3,0.4,0.1,0.4,1.5,3.4
418,Edy Tavares,C,24,TOT,2,0,14.0,2.0,2.5,.800,0.0,1.5,.000,2.0,3.5,5.5,0.5,0.0,3.0,1.0,1.5,4.0
419,Isaiah Taylor,PG,22,HOU,4,0,13.0,0.3,1.8,.143,0.3,0.5,.500,0.3,0.5,0.8,0.8,0.3,0.3,0.0,1.5,0.8
420,Jeff Teague,PG,28,IND,82,82,32.4,4.9,11.1,.442,4.4,5.1,.867,0.4,3.6,4.0,7.8,1.2,0.4,2.6,2.0,15.3
421,Mirza Teletovic,PF,31,MIL,70,2,16.2,2.2,6.0,.373,0.5,0.6,.778,0.2,2.2,2.3,0.7,0.2,0.2,0.5,1.6,6.4
422,Garrett Temple,SG,30,SAC,65,21,26.6,2.8,6.6,.424,0.9,1.1,.784,0.5,2.3,2.8,2.6,1.3,0.4,1.2,2.2,7.8
423,Jason Terry,SG,39,MIL,74,0,18.4,1.4,3.3,.432,0.3,0.4,.828,0.2,1.2,1.4,1.3,0.6,0.3,0.5,1.3,4.1
424,Isaiah Thomas,PG,27,BOS,76,76,33.8,9.0,19.4,.463,7.8,8.5,.909,0.6,2.1,2.7,5.9,0.9,0.2,2.8,2.2,28.9
425,Lance Thomas,PF,28,NYK,46,15,21.0,2.1,5.3,.398,0.9,1.1,.843,0.7,2.4,3.1,0.8,0.5,0.1,0.5,1.8,6.0
426,Hollis Thompson,SG,25,TOT,40,9,18.8,1.9,5.0,.385,0.5,0.7,.655,0.5,2.3,2.8,0.9,0.5,0.2,0.3,1.7,5.1
427,Klay Thompson,SG,26,GSW,78,78,34.0,8.3,17.6,.468,2.4,2.8,.853,0.6,3.0,3.7,2.1,0.8,0.5,1.6,1.8,22.3
428,Tristan Thompson,C,25,CLE,78,78,29.9,3.4,5.6,.600,1.4,2.7,.498,3.7,5.5,9.2,1.0,0.5,1.1,0.8,2.3,8.1
429,Marcus Thornton,SG,29,WAS,33,1,17.4,2.5,6.4,.400,0.7,0.8,.852,0.7,1.6,2.3,1.2,0.6,0.1,0.8,1.5,6.6
430,Mike Tobey,C,22,CHA,2,0,12.5,0.5,2.0,.250,0.0,0.0,,1.0,0.5,1.5,0.5,0.0,0.0,0.5,1.0,1.0
431,Anthony Tolliver,PF,31,SAC,65,9,22.7,2.4,5.4,.442,0.9,1.3,.744,0.8,2.9,3.6,1.2,0.5,0.3,0.9,1.7,7.1
432,Axel Toupane,SF,24,TOT,4,0,11.8,1.3,2.3,.556,0.0,0.0,,0.0,0.3,0.3,0.0,0.3,0.3,0.0,1.5,2.8
433,Karl-Anthony Towns,C,21,MIN,82,82,37.0,9.8,18.0,.542,4.3,5.2,.832,3.6,8.7,12.3,2.7,0.7,1.3,2.6,2.9,25.1
434,PJ Tucker,SF,31,TOT,81,21,27.6,2.5,6.0,.413,0.9,1.1,.774,1.4,4.4,5.8,1.2,1.4,0.2,0.8,2.4,6.7
435,Evan Turner,SF,28,POR,65,12,25.5,3.6,8.5,.426,1.3,1.6,.825,0.6,3.2,3.8,3.2,0.8,0.4,1.5,1.9,9.0
436,Myles Turner,C,20,IND,81,81,31.4,5.5,10.7,.511,3.0,3.7,.809,1.7,5.6,7.3,1.3,0.9,2.1,1.3,3.2,14.5
437,Beno Udrih,PG,34,DET,39,0,14.4,2.4,5.1,.467,0.8,0.9,.941,0.2,1.3,1.5,3.4,0.3,0.0,0.9,0.7,5.8
438,Tyler Ulis,PG,21,PHX,61,15,18.4,3.0,7.2,.421,0.9,1.2,.775,0.3,1.2,1.6,3.7,0.8,0.1,1.3,1.2,7.3
439,Jarrod Uthoff,PF,23,DAL,9,0,12.8,1.8,4.2,.421,0.6,0.8,.714,0.9,1.6,2.4,1.0,0.2,0.4,0.3,0.9,4.4
440,Jonas Valanciunas,C,24,TOR,80,80,25.8,4.9,8.8,.557,2.2,2.7,.811,2.8,6.7,9.5,0.7,0.5,0.8,1.3,2.7,12.0
441,Denzel Valentine,SG,23,CHI,57,0,17.1,1.8,5.1,.354,0.2,0.3,.778,0.2,2.5,2.6,1.1,0.5,0.1,0.9,1.5,5.1
442,Fred VanVleet,PG,22,TOR,37,0,7.9,1.1,3.0,.351,0.5,0.6,.818,0.1,1.0,1.1,0.9,0.4,0.1,0.4,1.0,2.9
443,Anderson Varejao,C,34,GSW,14,1,6.6,0.4,1.0,.357,0.6,0.8,.727,0.9,1.1,1.9,0.7,0.2,0.2,0.6,1.1,1.3
444,Greivis Vasquez,PG,30,BKN,3,0,13.0,0.7,2.7,.250,0.7,1.0,.667,0.0,0.7,0.7,1.7,0.3,0.3,0.3,2.0,2.3
445,Rashad Vaughn,SG,20,MIL,41,2,11.2,1.4,3.8,.365,0.0,0.1,.400,0.1,1.1,1.2,0.6,0.5,0.2,0.3,0.8,3.5
446,Noah Vonleh,PF,21,POR,74,41,17.1,1.8,3.6,.481,0.8,1.3,.638,1.8,3.5,5.2,0.4,0.4,0.4,0.9,2.1,4.4
447,Nikola Vucevic,C,26,ORL,75,55,28.8,6.4,13.7,.468,1.4,2.1,.669,2.3,8.0,10.4,2.8,1.0,1.0,1.6,2.4,14.6
448,Sasha Vujacic,SG,32,NYK,42,4,9.7,1.0,3.2,.309,0.4,0.6,.708,0.3,1.1,1.4,1.2,0.3,0.0,0.4,0.9,3.0
449,Dwyane Wade,SG,35,CHI,60,59,29.9,6.9,15.9,.434,3.7,4.7,.794,1.1,3.5,4.5,3.8,1.4,0.7,2.3,1.9,18.3
450,Dion Waiters,SG,25,MIA,46,43,30.1,6.1,14.4,.424,1.8,2.8,.646,0.4,2.9,3.3,4.3,0.9,0.4,2.2,2.1,15.8
451,Kemba Walker,PG,26,CHA,79,79,34.7,8.1,18.3,.444,3.8,4.5,.847,0.6,3.3,3.9,5.5,1.1,0.3,2.1,1.5,23.2
452,John Wall,PG,26,WAS,78,78,36.4,8.3,18.4,.451,5.4,6.8,.801,0.8,3.4,4.2,10.7,2.0,0.6,4.1,1.9,23.1
453,Taurean Waller-Prince,SF,22,ATL,59,10,16.6,1.9,4.8,.400,1.3,1.6,.787,0.4,2.2,2.7,0.9,0.7,0.5,1.0,1.6,5.7
454,TJ Warren,SF,23,PHX,66,59,31.0,6.1,12.3,.495,1.8,2.3,.773,1.9,3.2,5.1,1.1,1.2,0.6,0.9,2.7,14.4
455,CJ Watson,PG,32,ORL,62,9,16.3,1.5,4.0,.387,0.9,1.1,.864,0.3,1.2,1.4,1.8,0.7,0.0,0.8,1.4,4.5
456,Briante Weber,PG,24,TOT,20,0,10.3,1.3,3.0,.417,0.6,0.8,.688,0.4,0.9,1.3,1.1,0.6,0.1,0.4,0.8,3.1
457,David West,C,36,GSW,68,0,12.6,2.0,3.7,.536,0.6,0.8,.768,0.7,2.3,3.0,2.2,0.6,0.7,1.1,1.5,4.6
458,Russell Westbrook,PG,28,OKC,81,81,34.6,10.2,24.0,.425,8.8,10.4,.845,1.7,9.0,10.7,10.4,1.6,0.4,5.4,2.3,31.6
459,Okaro White,PF,24,MIA,35,0,13.5,0.9,2.5,.379,0.6,0.6,.909,0.7,1.6,2.3,0.6,0.3,0.3,0.5,1.5,2.8
460,Isaiah Whitehead,PG,21,BKN,73,26,22.5,2.8,7.0,.402,1.2,1.5,.805,0.4,2.1,2.5,2.6,0.6,0.5,1.9,2.4,7.4
461,Hassan Whiteside,C,27,MIA,77,77,32.6,7.0,12.6,.557,2.9,4.6,.628,3.8,10.3,14.1,0.7,0.7,2.1,2.0,2.9,17.0
462,Andrew Wiggins,SF,21,MIN,82,82,37.2,8.6,19.1,.452,5.0,6.6,.760,1.2,2.8,4.0,2.3,1.0,0.4,2.3,2.2,23.6
463,CJ Wilcox,SG,26,ORL,22,0,4.9,0.4,1.4,.258,0.1,0.1,1.000,0.2,0.4,0.5,0.5,0.1,0.0,0.3,0.4,1.0
464,Alan Williams,C,24,PHX,47,0,15.1,2.9,5.7,.517,1.5,2.4,.625,2.0,4.2,6.2,0.5,0.6,0.7,0.8,2.7,7.4
465,Deron Williams,PG,32,TOT,64,44,25.9,4.1,9.4,.438,1.4,1.7,.826,0.2,2.1,2.3,5.6,0.5,0.1,2.2,2.2,11.0
466,Derrick Williams,PF,25,TOT,50,11,16.1,2.2,4.9,.443,1.2,1.8,.652,0.4,2.2,2.6,0.6,0.3,0.1,0.6,1.2,6.1
467,Lou Williams,SG,30,TOT,81,1,24.6,5.3,12.3,.429,5.0,5.6,.880,0.3,2.2,2.5,3.0,1.0,0.2,2.0,1.1,17.5
468,Marvin Williams,PF,30,CHA,76,76,30.2,3.9,9.3,.422,1.7,2.0,.873,1.2,5.4,6.6,1.4,0.8,0.7,0.8,1.8,11.2
469,Reggie Williams,SF,30,NOP,6,0,13.2,1.3,3.8,.348,1.0,1.2,.857,0.3,0.7,1.0,0.7,0.5,0.0,0.0,0.3,4.5
470,Troy Williams,SF,22,TOT,30,16,18.6,2.4,5.6,.437,0.7,1.1,.656,0.5,1.8,2.3,0.8,0.9,0.3,1.1,2.0,6.2
471,Kyle Wiltjer,PF,24,HOU,14,0,3.1,0.3,1.0,.286,0.1,0.1,.500,0.3,0.4,0.7,0.1,0.2,0.1,0.4,0.3,0.9
472,Justise Winslow,SF,20,MIA,18,15,34.7,4.4,12.5,.356,1.6,2.6,.617,1.3,3.9,5.2,3.7,1.4,0.3,1.8,2.9,10.9
473,Jeff Withey,C,26,UTA,51,1,8.5,1.1,2.0,.534,0.7,0.9,.750,1.0,1.4,2.4,0.1,0.3,0.6,0.3,1.0,2.9
474,Christian Wood,PF,21,CHA,13,0,8.2,0.9,1.8,.522,0.8,1.2,.733,1.1,1.2,2.2,0.2,0.2,0.5,0.5,0.8,2.7
475,Metta World Peace,SF,37,LAL,25,2,6.4,0.8,2.7,.279,0.4,0.6,.625,0.2,0.6,0.8,0.4,0.4,0.1,0.3,0.7,2.3
476,Brandan Wright,PF,29,MEM,28,5,16.0,3.0,4.8,.615,0.8,1.3,.657,1.1,1.7,2.8,0.5,0.4,0.7,0.4,1.5,6.8
477,Delon Wright,PG,24,TOR,27,0,16.5,1.8,4.3,.422,1.6,2.0,.764,0.6,1.2,1.8,2.1,1.0,0.4,0.9,1.1,5.6
478,James Young,SG,21,BOS,29,0,7.6,0.9,2.0,.431,0.2,0.3,.667,0.2,0.7,0.9,0.1,0.3,0.1,0.1,0.5,2.3
479,Joe Young,PG,24,IND,33,0,4.1,0.8,2.2,.361,0.3,0.5,.733,0.0,0.5,0.5,0.5,0.1,0.0,0.2,0.2,2.1
480,Nick Young,SG,31,LAL,60,60,25.9,4.5,10.6,.430,1.3,1.5,.856,0.4,1.9,2.3,1.0,0.6,0.2,0.6,2.3,13.2
481,Thaddeus Young,PF,28,IND,74,74,30.2,4.9,9.3,.527,0.6,1.2,.523,1.8,4.3,6.1,1.6,1.5,0.4,1.3,1.8,11.0
482,Cody Zeller,PF,24,CHA,62,58,27.8,4.1,7.1,.571,2.1,3.2,.679,2.2,4.4,6.5,1.6,1.0,0.9,1.0,3.0,10.3
483,Tyler Zeller,C,27,BOS,51,5,10.3,1.5,3.1,.494,0.4,0.8,.564,0.8,1.6,2.4,0.8,0.1,0.4,0.4,1.2,3.5
484,Stephen Zimmerman,C,20,ORL,19,0,5.7,0.5,1.6,.323,0.2,0.3,.600,0.6,1.3,1.8,0.2,0.1,0.3,0.2,0.9,1.2
485,Paul Zipser,SF,22,CHI,44,18,19.2,2.0,5.0,.398,0.7,0.9,.775,0.3,2.5,2.8,0.8,0.3,0.4,0.9,1.8,5.5
486,Ivica Zubac,C,19,LAL,38,11,16.0,3.3,6.3,.529,0.8,1.3,.653,1.1,3.1,4.2,0.8,0.4,0.9,0.8,1.7,7.5
